{"_type":"export","__export_format":4,"__export_date":"2024-05-03T23:07:41.059Z","__export_source":"insomnia.desktop.app:v9.1.0","resources":[{"_id":"req_1797d973d35844b19fc73571e0b8908f","parentId":"fld_081172fd4cd94fbf93d5dac18ae53154","modified":1714771852653,"created":1712509883715,"url":"localhost:3000/api/users/register","name":"Создать оператора AAA","description":"","method":"POST","body":{"mimeType":"application/json","text":"{\n\t\"username\": \"aaa\",\n\t\"display_name\": \"Aaa Aaaaa\",\n\t\"password\": \"111\",\n\t\"role\": \"operator\"\n}"},"preRequestScript":"","parameters":[],"headers":[{"name":"Content-Type","value":"application/json"},{"name":"User-Agent","value":"insomnia/8.6.1"}],"authentication":{},"metaSortKey":-1714250678954,"isPrivate":false,"pathParameters":[],"settingStoreCookies":true,"settingSendCookies":true,"settingDisableRenderRequestBody":false,"settingEncodeUrl":true,"settingRebuildPath":true,"settingFollowRedirects":"global","_type":"request"},{"_id":"fld_081172fd4cd94fbf93d5dac18ae53154","parentId":"fld_cd11d7b029534c7c824b7181c2336942","modified":1714777633275,"created":1714250638861,"name":"Users","description":"","environment":{},"environmentPropertyOrder":null,"metaSortKey":-1714250639661,"_type":"request_group"},{"_id":"fld_cd11d7b029534c7c824b7181c2336942","parentId":"wrk_scratchpad","modified":1714250501827,"created":1714250485587,"name":"NSUTASK","description":"","environment":{},"environmentPropertyOrder":null,"metaSortKey":-1714250485587,"_type":"request_group"},{"_id":"wrk_scratchpad","parentId":null,"modified":1712509804334,"created":1712509804334,"name":"Scratch Pad","description":"","scope":"collection","_type":"workspace"},{"_id":"req_685274bdd10a4f2c82b4eb93f5fafcd9","parentId":"fld_081172fd4cd94fbf93d5dac18ae53154","modified":1714771724405,"created":1714250678854,"url":"localhost:3000/api/users/login","name":"Войти как AAA","description":"","method":"POST","body":{"mimeType":"application/json","text":"{\n\t\"username\": \"aaa\",\n\t\"password\": \"111\"\n}"},"preRequestScript":"","parameters":[],"headers":[{"name":"Content-Type","value":"application/json"},{"name":"User-Agent","value":"insomnia/8.6.1"}],"authentication":{},"metaSortKey":-1714250678854,"isPrivate":false,"pathParameters":[],"settingStoreCookies":true,"settingSendCookies":true,"settingDisableRenderRequestBody":false,"settingEncodeUrl":true,"settingRebuildPath":true,"settingFollowRedirects":"global","_type":"request"},{"_id":"req_e210023d03984905a4b6ed55043e8d22","parentId":"fld_081172fd4cd94fbf93d5dac18ae53154","modified":1714776453214,"created":1714766675225,"url":"localhost:3000/api/users/register","name":"Создать пользователя BBB","description":"","method":"POST","body":{"mimeType":"application/json","text":"{\n\t\"username\": \"BBB\",\n\t\"display_name\": \"Bbb Bb Bbbbbbb\",\n\t\"password\": \"i_have_a_very_long_and_stupid_password\",\n\t\"role\": \"user\"\n}"},"preRequestScript":"","parameters":[],"headers":[{"name":"Content-Type","value":"application/json"},{"name":"User-Agent","value":"insomnia/8.6.1"}],"authentication":{},"metaSortKey":-1713808827313,"isPrivate":false,"pathParameters":[],"settingStoreCookies":true,"settingSendCookies":true,"settingDisableRenderRequestBody":false,"settingEncodeUrl":true,"settingRebuildPath":true,"settingFollowRedirects":"global","_type":"request"},{"_id":"req_92acfc7f02b649b798aa62feca7f693d","parentId":"fld_081172fd4cd94fbf93d5dac18ae53154","modified":1714771743560,"created":1714766688469,"url":"localhost:3000/api/users/login","name":"Войти как BBB","description":"","method":"POST","body":{"mimeType":"application/json","text":"{\n\t\"username\": \"bbb\",\n\t\"password\": \"i_have_a_very_long_and_stupid_password\"\n}"},"preRequestScript":"","parameters":[],"headers":[{"name":"Content-Type","value":"application/json"},{"name":"User-Agent","value":"insomnia/8.6.1"}],"authentication":{},"metaSortKey":-1713808827213,"isPrivate":false,"pathParameters":[],"settingStoreCookies":true,"settingSendCookies":true,"settingDisableRenderRequestBody":false,"settingEncodeUrl":true,"settingRebuildPath":true,"settingFollowRedirects":"global","_type":"request"},{"_id":"req_5de93945c09649999bb691df8db2fced","parentId":"fld_081172fd4cd94fbf93d5dac18ae53154","modified":1714773568311,"created":1714773446959,"url":"localhost:3000/api/users","name":"Получить всех пользователей","description":"","method":"GET","body":{},"preRequestScript":"","parameters":[],"headers":[{"name":"User-Agent","value":"insomnia/9.1.0"}],"authentication":{"type":"bearer","token":"Generate one yourself, you lazy goof :D"},"metaSortKey":-1713808827163,"isPrivate":false,"pathParameters":[],"settingStoreCookies":true,"settingSendCookies":true,"settingDisableRenderRequestBody":false,"settingEncodeUrl":true,"settingRebuildPath":true,"settingFollowRedirects":"global","_type":"request"},{"_id":"req_c2d2b1738c5a4d5893b63e34b4792f35","parentId":"fld_081172fd4cd94fbf93d5dac18ae53154","modified":1714773821878,"created":1714773241075,"url":"localhost:3000/api/user2","name":"Получить пользователя по ID","description":"","method":"GET","body":{},"preRequestScript":"","parameters":[],"headers":[{"name":"User-Agent","value":"insomnia/9.1.0"}],"authentication":{"type":"bearer","token":"Generate one yourself, you lazy goof :D"},"metaSortKey":-1713808827113,"isPrivate":false,"pathParameters":[],"settingStoreCookies":true,"settingSendCookies":true,"settingDisableRenderRequestBody":false,"settingEncodeUrl":true,"settingRebuildPath":true,"settingFollowRedirects":"global","_type":"request"},{"_id":"req_147f9b49380d4564a232195517917335","parentId":"fld_081172fd4cd94fbf93d5dac18ae53154","modified":1714776473473,"created":1714773272762,"url":"localhost:3000/api/findUsers?q=b","name":"Поиск по именам пользователей","description":"","method":"GET","body":{},"preRequestScript":"","parameters":[],"headers":[{"name":"User-Agent","value":"insomnia/9.1.0"}],"authentication":{"type":"bearer","token":"Generate one yourself, you lazy goof :D"},"metaSortKey":-1713808827013,"isPrivate":false,"pathParameters":[],"settingStoreCookies":true,"settingSendCookies":true,"settingDisableRenderRequestBody":false,"settingEncodeUrl":true,"settingRebuildPath":true,"settingFollowRedirects":"global","_type":"request"},{"_id":"req_b95b3e265b3b43069537d7ac60133193","parentId":"fld_ae6ecd3298614d98921c781d2841c61d","modified":1714774635773,"created":1714250851900,"url":"localhost:3000/api/boards","name":"Получить все доски юзера","description":"","method":"GET","body":{},"preRequestScript":"","parameters":[],"headers":[],"authentication":{"type":"bearer","token":"Generate one yourself, you lazy goof :D"},"metaSortKey":-1714259770533,"isPrivate":false,"pathParameters":[],"settingStoreCookies":true,"settingSendCookies":true,"settingDisableRenderRequestBody":false,"settingEncodeUrl":true,"settingRebuildPath":true,"settingFollowRedirects":"global","_type":"request"},{"_id":"fld_ae6ecd3298614d98921c781d2841c61d","parentId":"fld_cd11d7b029534c7c824b7181c2336942","modified":1714777626833,"created":1714250824647,"name":"Boards","description":"","environment":{},"environmentPropertyOrder":null,"metaSortKey":-1714250639561,"_type":"request_group"},{"_id":"req_9917393df49d4f55a11b4c14f0328237","parentId":"fld_ae6ecd3298614d98921c781d2841c61d","modified":1714776892675,"created":1714259770433,"url":"localhost:3000/api/board1","name":"Получить доску юзера по ID","description":"","method":"GET","body":{},"preRequestScript":"","parameters":[],"headers":[{"name":"User-Agent","value":"insomnia/8.6.1"}],"authentication":{"type":"bearer","token":"Generate one yourself, you lazy goof :D"},"metaSortKey":-1714259770433,"isPrivate":false,"pathParameters":[],"settingStoreCookies":true,"settingSendCookies":true,"settingDisableRenderRequestBody":false,"settingEncodeUrl":true,"settingRebuildPath":true,"settingFollowRedirects":"global","_type":"request"},{"_id":"req_ba973f6239f841c89d1dcbdada503894","parentId":"fld_ae6ecd3298614d98921c781d2841c61d","modified":1714774641629,"created":1714257698757,"url":"localhost:3000/api/boards","name":"Создать новую доску","description":"","method":"POST","body":{"mimeType":"application/json","text":"{\n\t\"name\": \"hello_board\",\n\t\"description\": \"blablablabla\"\n}"},"preRequestScript":"","parameters":[],"headers":[{"name":"Content-Type","value":"application/json"},{"name":"User-Agent","value":"insomnia/8.6.1"}],"authentication":{"type":"bearer","token":"Generate one yourself, you lazy goof :D","disabled":false},"metaSortKey":-1714259683340,"isPrivate":false,"pathParameters":[],"settingStoreCookies":true,"settingSendCookies":true,"settingDisableRenderRequestBody":false,"settingEncodeUrl":true,"settingRebuildPath":true,"settingFollowRedirects":"global","_type":"request"},{"_id":"req_5b042bf8e6d348e1b4c9b81a83d4f58a","parentId":"fld_ae6ecd3298614d98921c781d2841c61d","modified":1714774646720,"created":1714259596247,"url":"localhost:3000/api/board6","name":"Заменить данные доски по ID","description":"","method":"PUT","body":{"mimeType":"application/json","text":"{\n\t\"name\": \"edited_boar2323d\"\n}"},"preRequestScript":"","parameters":[],"headers":[{"name":"Content-Type","value":"application/json"},{"name":"User-Agent","value":"insomnia/8.6.1"}],"authentication":{"type":"bearer","token":""},"metaSortKey":-1714259596247,"isPrivate":false,"pathParameters":[],"settingStoreCookies":true,"settingSendCookies":true,"settingDisableRenderRequestBody":false,"settingEncodeUrl":true,"settingRebuildPath":true,"settingFollowRedirects":"global","_type":"request"},{"_id":"req_2659f793e3074ae4bdf8fa3850c050a0","parentId":"fld_ae6ecd3298614d98921c781d2841c61d","modified":1714774649395,"created":1714260094665,"url":"localhost:3000/api/board6","name":"Удалить доску по ID","description":"","method":"DELETE","body":{},"preRequestScript":"","parameters":[],"headers":[{"name":"User-Agent","value":"insomnia/8.6.1"}],"authentication":{"type":"bearer","token":""},"metaSortKey":-1714259596147,"isPrivate":false,"pathParameters":[],"settingStoreCookies":true,"settingSendCookies":true,"settingDisableRenderRequestBody":false,"settingEncodeUrl":true,"settingRebuildPath":true,"settingFollowRedirects":"global","_type":"request"},{"_id":"req_611a9ecc7e664193a199760ef8726ec0","parentId":"fld_ae6ecd3298614d98921c781d2841c61d","modified":1714776702423,"created":1714776676248,"url":"localhost:3000/api/board1/users","name":"Получить участников","description":"","method":"GET","body":{},"preRequestScript":"","parameters":[],"headers":[{"name":"User-Agent","value":"insomnia/9.1.0"}],"authentication":{"type":"bearer","token":"Generate one yourself, you lazy goof :D"},"metaSortKey":-1714259596097,"isPrivate":false,"pathParameters":[],"settingStoreCookies":true,"settingSendCookies":true,"settingDisableRenderRequestBody":false,"settingEncodeUrl":true,"settingRebuildPath":true,"settingFollowRedirects":"global","_type":"request"},{"_id":"req_2d24b862468944f493480849bdbe2d6e","parentId":"fld_ae6ecd3298614d98921c781d2841c61d","modified":1714777035460,"created":1714773861440,"url":"localhost:3000/api/board1/user2","name":"Добавить участника","description":"","method":"POST","body":{},"preRequestScript":"","parameters":[],"headers":[{"name":"User-Agent","value":"insomnia/9.1.0"}],"authentication":{"type":"bearer","token":"Generate one yourself, you lazy goof :D"},"metaSortKey":-1714259596047,"isPrivate":false,"pathParameters":[],"settingStoreCookies":true,"settingSendCookies":true,"settingDisableRenderRequestBody":false,"settingEncodeUrl":true,"settingRebuildPath":true,"settingFollowRedirects":"global","_type":"request"},{"_id":"req_a96a281577e84222abac8accd6992a92","parentId":"fld_ae6ecd3298614d98921c781d2841c61d","modified":1714776818198,"created":1714773880534,"url":"localhost:3000/api/board1/user2","name":"Удалить участника","description":"","method":"DELETE","body":{},"preRequestScript":"","parameters":[],"headers":[{"name":"User-Agent","value":"insomnia/9.1.0"}],"authentication":{"type":"bearer","token":"Generate one yourself, you lazy goof :D"},"metaSortKey":-1714259595947,"isPrivate":false,"pathParameters":[],"settingStoreCookies":true,"settingSendCookies":true,"settingDisableRenderRequestBody":false,"settingEncodeUrl":true,"settingRebuildPath":true,"settingFollowRedirects":"global","_type":"request"},{"_id":"req_efe3bfd5a92143df912a736ece373075","parentId":"fld_ba6c28c3da6945c59eeae9d156f3ba2a","modified":1714776905645,"created":1714301262906,"url":"localhost:3000/api/board1/tasks","name":"Получить все задачи доски","description":"","method":"GET","body":{},"preRequestScript":"","parameters":[],"headers":[{"name":"User-Agent","value":"insomnia/8.6.1"}],"authentication":{"type":"bearer","token":"Generate one yourself, you lazy goof :D"},"metaSortKey":-1714301295837,"isPrivate":false,"pathParameters":[],"settingStoreCookies":true,"settingSendCookies":true,"settingDisableRenderRequestBody":false,"settingEncodeUrl":true,"settingRebuildPath":true,"settingFollowRedirects":"global","_type":"request"},{"_id":"fld_ba6c28c3da6945c59eeae9d156f3ba2a","parentId":"fld_cd11d7b029534c7c824b7181c2336942","modified":1714777623650,"created":1714287175143,"name":"Tasks","description":"","environment":{},"environmentPropertyOrder":null,"metaSortKey":-1714250639461,"_type":"request_group"},{"_id":"req_193afd2a64644a0487f8b3f46d98eccf","parentId":"fld_ba6c28c3da6945c59eeae9d156f3ba2a","modified":1714774719076,"created":1714301295737,"url":"localhost:3000/api/board1/task1","name":"Получить задачу доски по ID","description":"","method":"GET","body":{},"preRequestScript":"","parameters":[],"headers":[{"name":"User-Agent","value":"insomnia/8.6.1"}],"authentication":{"type":"bearer","token":"Generate one yourself, you lazy goof :D"},"metaSortKey":-1714301295737,"isPrivate":false,"pathParameters":[],"settingStoreCookies":true,"settingSendCookies":true,"settingDisableRenderRequestBody":false,"settingEncodeUrl":true,"settingRebuildPath":true,"settingFollowRedirects":"global","_type":"request"},{"_id":"req_c2ef05943f3d46e8bf50e6b358d9e7d5","parentId":"fld_ba6c28c3da6945c59eeae9d156f3ba2a","modified":1714774725400,"created":1714302541014,"url":"localhost:3000/api/board1/tasks","name":"Создать новую задачу","description":"","method":"POST","body":{"mimeType":"application/json","text":"{\n\t\"title\": \"abc\",\n\t\"body\": \"xyz\"\n}"},"preRequestScript":"","parameters":[],"headers":[{"name":"Content-Type","value":"application/json"},{"name":"User-Agent","value":"insomnia/8.6.1"}],"authentication":{"type":"bearer","token":"Generate one yourself, you lazy goof :D"},"metaSortKey":-1714301262856,"isPrivate":false,"pathParameters":[],"settingStoreCookies":true,"settingSendCookies":true,"settingDisableRenderRequestBody":false,"settingEncodeUrl":true,"settingRebuildPath":true,"settingFollowRedirects":"global","_type":"request"},{"_id":"req_888c377aacc14097a46cdcc6c3104805","parentId":"fld_ba6c28c3da6945c59eeae9d156f3ba2a","modified":1714774771733,"created":1714303912265,"url":"localhost:3000/api/board1/task1","name":"Заменить данные задачи по ID","description":"","method":"PUT","body":{"mimeType":"application/json","text":"{\n\t\"title\": \"edited\",\n\t\"priority\": \"low\"\n}"},"preRequestScript":"","parameters":[],"headers":[{"name":"Content-Type","value":"application/json"},{"name":"User-Agent","value":"insomnia/8.6.1"}],"authentication":{"type":"bearer","token":"Generate one yourself, you lazy goof :D"},"metaSortKey":-1714301262806,"isPrivate":false,"pathParameters":[],"settingStoreCookies":true,"settingSendCookies":true,"settingDisableRenderRequestBody":false,"settingEncodeUrl":true,"settingRebuildPath":true,"settingFollowRedirects":"global","_type":"request"},{"_id":"req_7ba590c688d64e589a0b200744a89e95","parentId":"fld_ba6c28c3da6945c59eeae9d156f3ba2a","modified":1714774755267,"created":1714308981455,"url":"localhost:3000/api/board1/task1","name":"Удалить задачу по ID","description":"","method":"DELETE","body":{},"preRequestScript":"","parameters":[],"headers":[{"name":"User-Agent","value":"insomnia/8.6.1"}],"authentication":{"type":"bearer","token":"Generate one yourself, you lazy goof :D"},"metaSortKey":-1714301262706,"isPrivate":false,"pathParameters":[],"settingStoreCookies":true,"settingSendCookies":true,"settingDisableRenderRequestBody":false,"settingEncodeUrl":true,"settingRebuildPath":true,"settingFollowRedirects":"global","_type":"request"},{"_id":"req_fbb338ed9f9a4cd8b9f65a97e3a2adb9","parentId":"fld_fc1ec110f5c445ffb0488cf64619a38f","modified":1714776912826,"created":1714774816976,"url":"localhost:3000/api/board1/task2/submit","name":"Просмотреть посылки","description":"","method":"GET","body":{},"preRequestScript":"","parameters":[],"headers":[{"name":"User-Agent","value":"insomnia/9.1.0"}],"authentication":{"type":"bearer","token":"Generate one yourself, you lazy goof :D"},"metaSortKey":-1714774816976,"isPrivate":false,"pathParameters":[],"settingStoreCookies":true,"settingSendCookies":true,"settingDisableRenderRequestBody":false,"settingEncodeUrl":true,"settingRebuildPath":true,"settingFollowRedirects":"global","_type":"request"},{"_id":"fld_fc1ec110f5c445ffb0488cf64619a38f","parentId":"fld_cd11d7b029534c7c824b7181c2336942","modified":1714777614791,"created":1714766872167,"name":"Submits","description":"","environment":{},"environmentPropertyOrder":null,"metaSortKey":-1714250639361,"_type":"request_group"},{"_id":"req_6924522ffd0a4c2285e5ce99b2d52fe6","parentId":"fld_fc1ec110f5c445ffb0488cf64619a38f","modified":1714776936067,"created":1714775751058,"url":"localhost:3000/api/board1/task2/submit","name":"Создать новую посылку","description":"","method":"POST","body":{"mimeType":"application/json","text":""},"preRequestScript":"","parameters":[],"headers":[{"name":"Content-Type","value":"application/json"},{"name":"User-Agent","value":"insomnia/9.1.0"}],"authentication":{"type":"bearer","token":"Generate one yourself, you lazy goof :D"},"metaSortKey":-1714774816876,"isPrivate":false,"pathParameters":[],"settingStoreCookies":true,"settingSendCookies":true,"settingDisableRenderRequestBody":false,"settingEncodeUrl":true,"settingRebuildPath":true,"settingFollowRedirects":"global","_type":"request"},{"_id":"req_bb63c2896b884f47a26719fb8ae3c177","parentId":"fld_fc1ec110f5c445ffb0488cf64619a38f","modified":1714776114235,"created":1714776089972,"url":"localhost:3000/api/board1/task2/submit","name":"Удалить посылку","description":"","method":"DELETE","body":{},"preRequestScript":"","parameters":[],"headers":[{"name":"User-Agent","value":"insomnia/9.1.0"}],"authentication":{"type":"bearer","token":"Generate one yourself, you lazy goof :D"},"metaSortKey":-1714774816776,"isPrivate":false,"pathParameters":[],"settingStoreCookies":true,"settingSendCookies":true,"settingDisableRenderRequestBody":false,"settingEncodeUrl":true,"settingRebuildPath":true,"settingFollowRedirects":"global","_type":"request"},{"_id":"req_3853fbea22e048d5b47dc3b7c76ccc4f","parentId":"fld_fc1ec110f5c445ffb0488cf64619a38f","modified":1714777313890,"created":1714776262833,"url":"localhost:3000/api/board1/task2/submits","name":"Получить все посылки","description":"","method":"GET","body":{"mimeType":"application/json","text":""},"preRequestScript":"","parameters":[],"headers":[{"name":"Content-Type","value":"application/json"},{"name":"User-Agent","value":"insomnia/9.1.0"}],"authentication":{"type":"bearer","token":"Generate one yourself, you lazy goof :D"},"metaSortKey":-1714774816676,"isPrivate":false,"pathParameters":[],"settingStoreCookies":true,"settingSendCookies":true,"settingDisableRenderRequestBody":false,"settingEncodeUrl":true,"settingRebuildPath":true,"settingFollowRedirects":"global","_type":"request"},{"_id":"req_58118a99dedc40c09278132ba114af89","parentId":"fld_fc1ec110f5c445ffb0488cf64619a38f","modified":1714777294604,"created":1714776988471,"url":"localhost:3000/api/board1/task2/submit8","name":"Проверить посылку","description":"","method":"PUT","body":{"mimeType":"application/json","text":"{\n\t\"status\": \"accepted\"\n}"},"preRequestScript":"","parameters":[],"headers":[{"name":"Content-Type","value":"application/json"},{"name":"User-Agent","value":"insomnia/9.1.0"}],"authentication":{"type":"bearer","token":"Generate one yourself, you lazy goof :D"},"metaSortKey":-1714774816576,"isPrivate":false,"pathParameters":[],"settingStoreCookies":true,"settingSendCookies":true,"settingDisableRenderRequestBody":false,"settingEncodeUrl":true,"settingRebuildPath":true,"settingFollowRedirects":"global","_type":"request"},{"_id":"env_99d30891da4bdcebc63947a8fc17f076de878684","parentId":"wrk_scratchpad","modified":1712509824846,"created":1712509824846,"name":"Base Environment","data":{},"dataPropertyOrder":null,"color":null,"isPrivate":false,"metaSortKey":1712509824847,"_type":"environment"},{"_id":"jar_99d30891da4bdcebc63947a8fc17f076de878684","parentId":"wrk_scratchpad","modified":1712509824850,"created":1712509824850,"name":"Default Jar","cookies":[],"_type":"cookie_jar"}]}